{
    "sim_p": 48.5776,
    "t_C2_2": "qld",
    "t_C2_0": "AAPL",
    "t_FB_1": "soxl",
    "q_C2_2": 212,
    "ln_1": "공제회영곤",
    "lr_6": 0.0,
    "lb_7": 15333312,
    "t_C1_4": "tsla",
    "ln_3": "차용영곤",
    "q_C1_2": 184,
    "re_n_FA": "이편한세상인덕원더퍼스트",
    "p_C1_1": 13.0975,
    "p_C2_1": 13.15,
    "ln_2": "케이뱅크영곤",
    "sim_start_p": 29.2,
    "lr_0": 2.63,
    "sim_target_p": 48.58,
    "t_C1_0": "AAPL",
    "re_cp_FA": 965000000,
    "has_re_FB": false,
    "total_family_asset": 2125482290.06744,
    "t_FA_1": "soxl",
    "re_bp_FA": 567500000,
    "t_C1_1": "nvda",
    "sim_ticker_main": "soxl",
    "p_C2_0": 127.73,
    "sim_drop": 7.0,
    "p_C2_2": 40.5749,
    "cnt_FB": 2,
    "csh_krw_C1": 105902,
    "p_C1_0": 100.544,
    "l_cnt": 9,
    "ln_5": "공제회새라",
    "nm_FB": "새라",
    "ln_8": "국민은행새라",
    "p_FB_1": 48.587,
    "t_FB_0": "tqqq",
    "csh_krw_FB": 0,
    "q_C1_1": 80,
    "lr_5": 4.7,
    "t_C1_3": "qqq",
    "lr_1": 4.7,
    "p_C1_3": 270.73,
    "t_C2_1": "nvda",
    "cnt_C2": 4,
    "q_FA_1": 4667,
    "cnt_FA": 2,
    "lb_0": 335788801,
    "lb_3": 217000000,
    "sim_q": 7136,
    "p_C1_4": 156.0,
    "lb_8": 60000000,
    "csh_usd_FA": 303418.6,
    "has_re_FA": true,
    "sim_cnt": 10,
    "q_C1_0": 15,
    "nm_FA": "영곤",
    "lr_4": 3.36,
    "lb_5": 80000000,
    "ln_7": "연금공단새라",
    "lb_4": 17812500,
    "lb_2": 89000000,
    "p_C2_3": 152.3833,
    "t_C1_2": "qld",
    "csh_C2": 21.06,
    "q_C2_0": 3,
    "csh_krw_C2": 237785,
    "q_C2_3": 9,
    "p_C1_2": 39.1563,
    "lb_1": 100000000,
    "t_FA_0": "tqqq",
    "watch_tickers": "qld,aapl,nvda,tsla,btc-usd",
    "csh_usd_FB": 110138.75,
    "total_loan_balance": 1131934613,
    "ln_6": "차용새라",
    "lr_2": 4.89,
    "p_FA_0": 56.081,
    "csh_krw_FA": 0,
    "csh_C1": 29.5,
    "t_C2_3": "tsla",
    "asset_breakdown": {
        "주식(달러포함)": 1160482290.06744,
        "현금(원화)": 0,
        "부동산": 965000000.0
    },
    "q_C1_3": 1,
    "q_FB_0": 296,
    "lb_6": 217000000,
    "lr_7": 3.36,
    "ln_0": "주택담보대출",
    "lr_3": 0.0,
    "nm_C1": "가온",
    "ln_4": "연금공단영곤",
    "cnt_C1": 5,
    "p_FA_1": 48.5726,
    "q_FB_1": 2469,
    "sim_c": 413557.35,
    "q_C2_1": 40,
    "data_loaded": true,
    "q_FA_0": 466,
    "q_C1_4": 15,
    "nm_C2": "라온",
    "core_tickers": "qqq,tqqq,soxx,soxl",
    "lr_8": 3.95,
    "p_FB_0": 54.7121
}